1,-95.59,-14.34,0,-20.07,-14.34

3,4.69,-11.48,0,-19.99,-14.28

4,91.04,3.90,0,-19.49,-13.92

5,29.91,7.80,0,-18.88,-13.48

6,41.51,12.85,0,-18.14,-12.96

7,68.62,21.22,0,-17.18,-12.27

8,38.28,23.78,0,-16.17,-11.55

9,37.11,25.78,0,-15.13,-10.81

10,22.51,25.29,0,-14.12,-10.08

11,11.83,23.27,0,-13.18,-9.42

12,17.73,22.44,0,-12.29,-8.78

13,-2.55,18.69,0,-11.52,-8.23

14,9.20,17.27,0,-10.81,-7.72

15,-12.96,12.73,0,-10.24,-7.31

16,-19.18,7.95,0,-9.81,-7.01

17,-20.42,3.69,0,-9.51,-6.79

18,-28.58,-1.15,0,-9.35,-6.68

19,-28.48,-5.25,0,-9.31,-6.65

20,-16.80,-6.98,0,-9.32,-6.66

21,-10.24,-7.47,0,-9.34,-6.67

22,6.50,-5.37,0,-9.31,-6.65

23,13.43,-2.55,0,-9.19,-6.57

24,18.35,0.58,0,-8.99,-6.42

25,23.70,4.05,0,-8.70,-6.21

26,19.63,6.39,0,-8.35,-5.96

27,22.56,8.81,0,-7.93,-5.67

28,15.48,9.81,0,-7.50,-5.36

29,15.37,10.65,0,-7.05,-5.04

30,15.32,11.35,0,-6.59,-4.71

31,16.63,12.14,0,-6.12,-4.37

32,10.19,11.85,0,-5.67,-4.05

33,13.75,12.13,0,-5.21,-3.72

34,-3.39,9.81,0,-4.83,-3.45

35,7.84,9.51,0,-4.47,-3.19

36,5.77,8.95,0,-4.13,-2.95

37,3.99,8.21,0,-3.82,-2.73

38,9.34,8.38,0,-3.51,-2.51

39,3.64,7.67,0,-3.22,-2.30

40,9.05,7.87,0,-2.94,-2.10

41,1.69,6.95,0,-2.69,-1.92

42,3.98,6.50,0,-2.45,-1.75

43,7.01,6.58,0,-2.22,-1.58

44,-0.55,5.51,0,-2.02,-1.44

45,0.25,4.72,0,-1.85,-1.32

46,-5.64,3.17,0,-1.72,-1.23

47,-8.77,1.38,0,-1.65,-1.18

48,-18.48,-1.60,0,-1.66,-1.18

49,-14.20,-3.49,0,-1.72,-1.23

50,2.99,-2.52,0,-1.76,-1.26

58,322.84,46.28,0,-0.43,-0.31

59,345.96,91.24,0,2.14,1.53

60,414.61,139.74,0,6.01,4.29

61,421.19,181.96,0,10.98,7.84

62,475.35,225.97,1,17.09,12.21

63,558.26,275.81,1,24.47,17.48

64,585.07,322.20,1,33.00,23.57

65,568.53,359.15,1,42.40,30.28

66,660.91,404.41,1,52.87,37.77

67,628.60,438.04,1,64.08,45.77

68,756.39,485.79,1,76.40,54.57

69,693.78,516.99,1,89.35,63.82

70,-12.96,437.50,1,99.81,71.29

71,8.37,373.13,1,108.26,77.33

72,743.70,428.71,1,118.10,84.36

73,630.10,458.92,1,128.59,91.85

74,537.60,470.72,1,139.20,99.43

75,735.20,510.40,1,150.71,107.65

76,836.18,559.26,1,163.35,116.68

77,765.22,590.16,1,176.61,126.15

78,426.30,565.58,1,188.91,134.94

79,200.70,510.85,1,199.44,142.46

80,73.57,445.25,1,207.92,148.51

81,41.63,384.71,1,214.53,153.24

82,13.04,328.96,1,219.45,156.75

83,42.92,286.05,1,223.07,159.34

84,134.66,263.35,1,225.98,161.42

85,188.83,252.17,1,228.52,163.23

86,28.78,218.66,1,230.08,164.34

87,15.49,188.18,1,230.74,164.82

88,50.87,167.59,1,230.82,164.87

89,51.60,150.19,1,230.41,164.58

90,21.56,130.89,1,229.47,163.90

91,51.27,118.95,1,228.21,163.01

92,135.83,121.48,1,227.04,162.17

93,93.78,117.33,1,225.79,161.28

94,-11.12,98.06,1,224.02,160.01

95,-23.49,79.83,1,221.77,158.41

96,-44.12,61.24,1,219.05,156.47

97,-61.63,42.80,1,215.87,154.19

98,-68.73,26.07,1,212.28,151.63

99,-93.30,8.17,1,208.27,148.76

100,-85.30,-5.85,1,203.94,145.67

108,-26.02,-8.88,1,199.61,142.58

109,-20.82,-10.67,1,195.32,139.51

110,-12.90,-11.00,1,191.10,136.50

111,-0.54,-9.43,1,187.02,133.58

112,18.29,-5.27,1,183.13,130.81

113,15.69,-2.13,1,179.41,128.15

114,38.56,3.97,1,175.93,125.67

115,45.77,10.24,1,172.70,123.36

116,42.95,15.15,1,169.67,121.19

117,47.60,20.02,1,166.84,119.17

118,56.14,25.44,1,164.21,117.29

119,102.49,36.99,1,161.96,115.69

120,137.17,52.02,1,160.18,114.41

121,130.41,63.78,1,158.76,113.40

122,133.45,74.23,1,157.67,112.62

123,160.07,87.11,1,156.95,112.11

124,140.29,95.08,1,156.48,111.77

125,64.73,90.53,1,155.88,111.34

126,-11.47,75.23,1,154.87,110.62

127,-53.74,55.88,1,153.34,109.53

128,-43.55,40.97,1,151.42,108.16

129,-59.54,25.89,1,149.11,106.51

130,-46.26,15.07,1,146.55,104.68

131,-22.07,9.50,1,143.89,102.78

132,-4.79,7.35,1,141.22,100.87

133,39.82,12.22,1,138.73,99.10

134,15.10,12.66,1,136.31,97.37

135,-20.62,7.66,1,133.80,95.57

136,-24.67,2.81,1,131.21,93.72

137,-55.44,-5.92,1,128.42,91.73

138,-70.06,-15.54,1,125.41,89.58

139,-46.23,-20.15,1,122.34,87.39

140,-78.09,-28.84,1,119.08,85.06

141,-48.35,-31.77,1,115.81,82.72

142,-51.07,-34.66,1,112.53,80.38

143,-23.83,-33.04,1,109.35,78.11

144,53.84,-20.01,1,106.60,76.15

145,127.12,2.06,1,104.53,74.66

146,227.48,35.88,1,103.44,73.89

147,296.06,74.90,1,103.47,73.91

148,366.83,118.69,1,104.73,74.80

149,404.44,161.55,1,107.16,76.54

150,418.97,200.17,2,110.62,79.01

158,1098.56,334.92,2,117.78,84.13

159,1071.78,445.45,2,127.90,91.36

160,706.56,484.62,2,138.91,99.22

161,-105.17,396.15,2,147.22,105.16

162,1271.86,527.51,2,159.05,113.61

163,1339.22,649.26,2,174.05,124.32

164,1278.19,743.60,2,191.39,136.71

165,1130.74,801.67,2,210.01,150.01

166,1171.44,857.14,2,229.81,164.15

167,759.96,842.56,2,248.80,177.72

168,328.02,765.38,2,265.26,189.47

169,101.04,665.73,2,278.59,198.99

170,-58.65,557.07,2,288.62,206.16

171,-158.97,449.67,2,295.44,211.03

172,-155.17,358.94,2,299.58,213.98

173,-106.87,289.07,2,301.68,215.49

174,-70.47,235.14,2,302.23,215.88

175,-41.36,193.66,2,301.61,215.44

176,-83.86,152.04,2,299.83,214.17

177,-61.94,119.94,2,297.20,212.28

178,-26.92,97.91,2,293.99,210.00

179,-1.52,83.00,2,290.44,207.46

180,43.63,77.09,2,286.79,204.85

181,56.32,73.98,2,283.12,202.23

182,99.64,77.83,2,279.64,199.74

183,162.26,90.49,2,276.58,197.56

184,101.56,92.15,2,273.63,195.45

185,91.60,92.07,2,270.73,193.38

186,82.34,90.61,2,267.86,191.33

187,131.95,96.81,2,265.21,189.44

188,132.89,102.22,2,262.77,187.69

189,81.21,99.07,2,260.29,185.92

190,64.64,93.91,2,257.71,184.08

191,18.64,82.62,2,254.87,182.05

192,-12.28,68.38,2,251.69,179.78

193,-10.08,56.61,2,248.24,177.31

194,15.42,50.43,2,244.69,174.78

195,-20.00,39.87,2,240.91,172.08

196,-45.12,27.12,2,236.85,169.18

197,-67.12,12.98,2,232.48,166.05

198,-45.69,4.18,2,227.94,162.82

199,-29.27,-0.83,2,223.36,159.54

200,-34.22,-5.84,2,218.73,156.24

208,1.11,-4.80,2,214.22,153.02

209,-1.26,-4.27,2,209.82,149.87

210,-15.18,-5.91,2,205.46,146.75

211,-1.85,-5.30,2,201.20,143.71

212,0.89,-4.37,2,197.05,140.75

213,-47.28,-10.81,2,192.81,137.72

214,-77.88,-20.87,2,188.37,134.55

215,-17.23,-20.32,2,184.03,131.45

216,35.82,-11.90,2,180.02,128.58

217,65.85,-0.24,2,176.41,126.01

218,56.59,8.29,2,173.11,123.65

219,121.84,25.32,2,170.36,121.69

220,148.76,43.84,2,168.18,120.13

221,147.50,59.38,2,166.48,118.91

222,152.29,73.32,2,165.20,118.00

223,169.76,87.79,2,164.36,117.40

224,169.86,100.10,2,163.87,117.05

225,139.71,106.04,2,163.57,116.83

226,72.70,101.04,2,163.12,116.52

227,-9.88,84.40,2,162.22,115.87

228,-81.82,59.47,2,160.64,114.75

229,-117.41,32.94,2,158.35,113.11

230,-108.86,11.67,2,155.51,111.08

231,-151.43,-12.80,2,152.04,108.60

232,-156.16,-34.30,2,148.04,105.75

233,-132.23,-48.99,2,143.71,102.65

234,-62.14,-50.96,2,139.41,99.58

235,8.20,-42.09,2,135.44,96.74

236,79.24,-23.89,2,132.06,94.33

237,146.17,1.62,2,129.47,92.48

238,202.03,31.68,2,127.77,91.26

239,248.19,64.16,2,127.01,90.72

240,262.61,93.92,2,127.10,90.78

241,459.58,148.77,2,128.72,91.94

242,536.02,206.86,3,131.94,94.24

243,516.07,253.24,3,136.39,97.42

244,691.26,318.94,3,142.59,101.85

245,791.74,389.86,3,150.66,107.61

246,801.93,451.67,3,160.29,114.49

247,941.15,525.09,3,171.79,122.71

248,1033.09,601.29,3,185.19,132.28

249,989.50,659.52,3,199.95,142.82

250,1025.85,714.47,3,215.96,154.26

258,543.43,688.82,3,230.93,164.95

260,314.72,632.70,3,244.02,174.30

261,240.01,573.80,3,255.21,182.29

262,172.11,513.54,3,264.48,188.92

263,94.52,450.69,3,271.81,194.15

264,69.06,393.45,3,277.39,198.14

265,52.93,342.37,3,281.43,201.02

266,44.20,297.64,3,284.14,202.96

267,22.13,256.32,3,285.63,204.02

268,3.75,218.43,3,286.03,204.31

269,-10.73,184.06,3,285.47,203.91

270,-38.78,150.63,3,283.98,202.84

271,-16.01,125.64,3,281.81,201.30

272,6.43,107.75,3,279.20,199.43

273,24.83,95.32,3,276.28,197.34

274,32.53,85.90,3,273.16,195.11

275,-1.48,72.79,3,269.73,192.67

276,-48.21,54.64,3,265.87,189.91

277,-47.13,39.38,3,261.66,186.90

278,3.23,33.96,3,257.37,183.84

279,-22.51,25.49,3,252.94,180.67

280,-64.87,11.93,3,248.21,177.30

281,-85.72,-2.71,3,243.17,173.70

282,-46.76,-9.32,3,238.05,170.04

283,-19.68,-10.87,3,232.98,166.42

284,23.28,-5.75,3,228.16,162.97

285,34.87,0.34,3,223.61,159.72

286,24.70,3.99,3,219.25,156.61

287,25.21,7.18,3,215.07,153.62

288,56.48,14.57,3,211.17,150.84

289,85.09,25.15,3,207.65,148.32

290,144.24,43.01,3,204.70,146.22

291,152.14,59.38,3,202.27,144.48

292,85.01,63.23,3,200.00,142.86

293,76.34,65.19,3,197.82,141.30

294,100.78,70.53,3,195.84,139.89

295,110.99,76.60,3,194.07,138.62

296,54.66,73.31,3,192.24,137.31

297,19.23,65.20,3,190.22,135.87

298,93.65,69.46,3,188.36,134.54

299,64.69,68.75,3,186.52,133.23

300,-9.02,57.08,3,184.39,131.71

308,-62.06,39.21,3,181.80,129.86

309,-68.13,23.11,3,178.81,127.72

310,-62.60,10.25,3,175.52,125.37

311,-36.54,3.24,3,172.10,122.93

312,-41.36,-3.45,3,168.56,120.40

313,-47.44,-10.05,3,164.91,117.79

314,-61.11,-17.71,3,161.11,115.08

315,-46.39,-22.01,3,157.28,112.34

316,-28.64,-23.01,3,153.49,109.63

317,-29.18,-23.93,3,149.75,106.96

318,-73.00,-31.29,3,145.88,104.20

319,-88.32,-39.85,3,141.84,101.32

320,-57.62,-42.51,3,137.81,98.44

321,-52.71,-44.04,3,133.83,95.59

322,-25.08,-41.20,3,130.00,92.85

323,9.17,-33.64,3,126.45,90.32

324,43.53,-22.07,3,123.31,88.08

325,50.65,-11.16,3,120.53,86.09

326,31.88,-4.70,3,117.99,84.28

327,60.67,5.10,3,115.77,82.69

328,238.44,40.10,3,114.58,81.84

329,217.56,66.72,3,114.15,81.54

330,172.60,82.60,3,114.18,81.56

331,134.07,90.32,3,114.43,81.73

332,115.88,94.16,3,114.78,81.98

333,86.53,93.01,3,115.08,82.20

334,67.82,89.23,3,115.28,82.34

335,110.37,92.40,3,115.56,82.55

336,206.59,109.53,3,116.32,83.08

337,204.39,123.76,3,117.46,83.90

338,210.79,136.82,3,118.94,84.96

339,222.17,149.62,3,120.75,86.25

340,239.91,163.16,3,122.90,87.79

341,231.70,173.44,3,125.30,89.50

342,203.69,177.98,3,127.78,91.27

343,203.30,181.78,3,130.31,93.08

344,254.52,192.69,3,133.10,95.07

345,250.48,201.36,4,136.08,97.20

346,246.23,208.09,4,139.18,99.42

347,278.11,218.59,4,142.52,101.80

348,266.64,225.80,4,145.99,104.28

349,213.31,223.92,4,149.34,106.67

350,302.00,235.64,4,152.95,109.25

358,847.00,327.34,4,159.06,113.61

359,1087.15,441.31,4,168.24,120.17

360,1137.94,545.81,4,180.15,128.68

361,990.74,612.54,4,193.70,138.36

362,733.26,630.65,4,207.49,148.20

363,572.21,621.89,4,220.75,157.68

364,412.31,590.45,4,232.87,166.33

365,327.49,551.01,4,243.64,174.03

366,242.96,504.80,4,252.90,180.64

367,92.91,443.01,4,260.24,185.89

368,54.59,384.75,4,265.81,189.87

369,65.20,336.82,4,269.93,192.81

370,56.86,294.82,4,272.78,194.85

371,80.14,262.62,4,274.68,196.20

372,68.96,233.57,4,275.73,196.95

373,-5.44,197.72,4,275.75,196.96

374,-56.21,159.63,4,274.70,196.22

375,-50.10,128.17,4,272.80,194.86

376,-27.54,104.81,4,270.28,193.06

377,-52.25,81.25,4,267.15,190.82

378,-63.96,59.47,4,263.47,188.19

379,-46.04,43.65,4,259.42,185.30

380,-31.02,32.45,4,255.14,182.24

381,-43.90,20.99,4,250.63,179.02

382,-13.62,15.80,4,246.06,175.76

383,-30.59,8.84,4,241.38,172.42

384,-3.42,7.00,4,236.75,169.11

385,-14.66,3.75,4,232.12,165.80

386,-15.99,0.79,4,227.50,162.50

387,-2.94,0.23,4,222.96,159.26

388,-14.42,-1.96,4,218.44,156.03

389,-7.18,-2.75,4,214.00,152.86

390,17.00,0.21,4,209.72,149.80

391,37.81,5.85,4,205.69,146.92

392,59.51,13.90,4,201.97,144.26

393,74.23,22.95,4,198.57,141.84

394,82.41,31.87,4,195.49,139.64

395,93.32,41.09,4,192.73,137.67

396,55.20,43.21,4,190.09,135.78

397,59.02,45.58,4,187.56,133.97

398,94.72,52.95,4,185.30,132.35

399,81.04,57.16,4,183.19,130.85

400,40.56,54.67,4,181.06,129.33

408,-96.13,32.05,4,178.33,127.38

409,-69.94,16.75,4,175.24,125.17

410,-29.73,9.78,4,172.00,122.86

411,-31.54,3.58,4,168.66,120.47

412,-24.49,-0.63,4,165.27,118.05

413,2.66,-0.14,4,161.96,115.69

414,16.48,2.36,4,158.79,113.42

415,7.23,3.09,4,155.70,111.22

416,-18.04,-0.08,4,152.59,108.99

417,-46.37,-7.03,4,149.34,106.67

418,-18.34,-8.72,4,146.11,104.36

419,-6.67,-8.41,4,142.95,102.11

420,-0.52,-7.23,4,139.89,99.92

421,-24.05,-9.75,4,136.82,97.73

422,-28.72,-12.60,4,133.73,95.52

423,-45.83,-17.58,4,130.56,93.26

424,-60.93,-24.08,4,127.27,90.91

425,-61.69,-29.73,4,123.90,88.50

426,-62.74,-34.68,4,120.45,86.03

427,-69.35,-39.88,4,116.92,83.52

428,-57.64,-42.54,4,113.39,81.00

429,-15.43,-38.48,4,110.05,78.61

430,16.40,-30.24,4,107.00,76.43

431,44.69,-19.00,4,104.33,74.52

432,100.08,-1.14,4,102.21,73.01

433,128.55,18.31,4,100.68,71.91

434,54.30,23.71,4,99.33,70.95

435,20.68,23.26,4,97.99,70.00

436,125.20,38.55,4,97.11,69.37

437,147.06,54.82,4,96.71,69.08

438,178.27,73.34,4,96.82,69.16

439,197.08,91.90,4,97.46,69.62

440,123.32,96.61,4,98.22,70.16

441,41.50,88.35,4,98.73,70.52

442,14.57,77.28,4,98.92,70.65

443,6.38,66.65,4,98.80,70.57

444,19.88,59.63,4,98.50,70.36

445,26.31,54.63,4,98.06,70.04

446,69.73,56.90,4,97.69,69.78

447,117.93,66.05,4,97.58,69.70

448,139.01,77.00,4,97.79,69.85

449,164.42,90.11,4,98.36,70.25

450,162.66,100.99,4,99.22,70.87

458,548.80,168.16,4,101.94,72.82

459,632.30,237.78,5,106.56,76.11

460,678.63,303.91,5,112.94,80.67

461,617.84,351.00,5,120.51,86.08

462,646.47,395.32,5,129.17,92.26

463,637.63,431.67,5,138.67,99.05

464,602.28,457.26,5,148.70,106.21

465,476.20,460.10,5,158.61,113.29

466,278.56,432.87,5,167.56,119.68

467,-297.10,323.37,5,173.26,123.76

468,-415.77,212.50,5,175.75,125.53

469,502.19,255.96,5,179.40,128.14

470,1110.84,384.19,5,186.57,133.26

471,1097.23,491.15,5,196.59,140.42

472,946.32,559.42,5,208.32,148.80

473,763.33,590.01,5,220.67,157.62

474,607.31,592.60,5,232.85,166.32

475,440.42,569.78,5,244.15,174.39

476,264.40,523.97,5,253.94,181.38

477,129.21,464.76,5,261.87,187.05

478,46.70,402.05,5,267.89,191.35

479,41.10,347.91,5,272.28,194.48

480,-34.75,290.51,5,274.96,196.40

481,-39.39,241.02,5,276.21,197.30

482,-35.77,199.50,5,276.28,197.34

483,-46.93,162.54,5,275.30,196.64

484,-74.91,126.92,5,273.35,195.25

485,-75.77,96.52,5,270.58,193.27

486,-86.78,69.02,5,267.11,190.79

487,-101.70,43.42,5,262.98,187.84

488,-67.10,26.84,5,258.47,184.62

489,-57.94,14.12,5,253.70,181.21

490,-49.26,4.61,5,248.75,177.68

491,-8.08,2.71,5,243.85,174.18

492,0.80,2.42,5,239.04,170.75

493,-11.84,0.28,5,234.27,167.34

494,13.43,2.26,5,229.65,164.03

495,60.92,11.06,5,225.36,160.97

496,61.88,18.68,5,221.38,158.13

497,72.89,26.81,5,217.70,155.50

498,85.68,35.64,5,214.35,153.11

499,118.34,48.05,5,211.41,151.00

500,138.79,61.66,5,208.90,149.22

508,17.02,54.96,5,206.27,147.33

509,-19.27,43.83,5,203.37,145.26

510,-45.71,30.40,5,200.15,142.96

511,-74.60,14.65,5,196.56,140.40

512,-65.71,2.60,5,192.70,137.64

513,-54.38,-5.95,5,188.68,134.77

514,-44.01,-11.66,5,184.58,131.84

515,-51.70,-17.67,5,180.39,128.85

516,-33.35,-20.02,5,176.22,125.87

517,-14.05,-19.12,5,172.16,122.97

518,-25.44,-20.07,5,168.16,120.11

519,-30.59,-21.65,5,164.19,117.28

520,-22.67,-21.80,5,160.30,114.50

521,-1.68,-18.78,5,156.56,111.83

522,-5.96,-16.86,5,152.96,109.26

523,-14.17,-16.46,5,149.44,106.74

524,-20.11,-17.00,5,145.98,104.27

525,-11.30,-16.15,5,142.60,101.86

526,10.53,-12.15,5,139.41,99.58

527,40.27,-4.28,5,136.50,97.50

528,38.92,2.20,5,133.83,95.60

529,41.20,8.05,5,131.38,93.85

530,67.28,16.93,5,129.23,92.31

531,90.64,27.99,5,127.43,91.02

532,90.32,37.34,5,125.93,89.95

533,96.64,46.23,5,124.70,89.07

534,111.33,56.00,5,123.78,88.41

535,118.15,65.32,5,123.13,87.95

536,133.88,75.60,5,122.78,87.70

537,91.08,77.92,5,122.51,87.51

538,76.00,77.64,5,122.23,87.31

539,124.30,84.64,5,122.16,87.26

540,148.49,94.21,5,122.35,87.40

541,45.75,86.94,5,122.34,87.39

542,-19.82,70.93,5,121.88,87.06

543,-56.21,51.86,5,120.89,86.35

544,-73.01,33.13,5,119.40,85.29

545,-101.25,12.97,5,117.38,83.84

546,-132.09,-8.79,5,114.79,81.99

547,-115.53,-24.80,5,111.80,79.85

548,-118.44,-38.85,5,108.47,77.48

549,-122.01,-51.32,5,104.87,74.90

550,-109.70,-60.08,5,101.09,72.20

558,647.80,46.10,5,100.36,71.68

559,962.24,183.52,5,103.49,73.92

560,1153.89,329.08,6,110.63,79.02

561,1195.64,459.06,6,121.27,86.62

562,1198.08,569.92,6,134.80,96.29

563,1273.65,675.48,6,151.02,107.87

564,1279.65,766.10,6,169.45,121.04

565,964.85,795.91,6,188.35,134.53

566,252.91,714.46,6,204.59,146.13

567,137.00,627.84,6,218.07,155.77

568,253.43,571.68,6,229.72,164.09

569,361.86,540.21,6,240.25,171.61

570,367.12,514.24,6,249.85,178.46

571,536.64,517.60,6,259.34,185.24

572,811.72,561.72,6,269.88,192.77

573,902.42,612.83,6,281.64,201.17

574,584.12,608.52,6,293.05,209.32

575,369.71,572.70,6,303.22,216.59

576,304.45,532.46,6,312.07,222.91

577,229.33,486.99,6,319.46,228.19

578,144.40,435.60,6,325.27,232.34

579,54.55,378.44,6,329.36,235.26

580,36.98,327.23,6,331.94,237.10

581,-27.51,274.01,6,332.97,237.84

582,-65.23,223.13,6,332.56,237.54

583,-51.04,182.00,6,331.00,236.43

584,-83.23,142.22,6,328.37,234.55

585,-113.04,103.93,6,324.71,231.93

586,-78.37,76.58,6,320.36,228.83

587,-39.50,59.17,6,315.61,225.43

588,-18.75,47.48,6,310.63,221.88

589,-39.12,34.49,6,305.38,218.13

590,-18.15,26.60,6,300.02,214.30

591,1.19,22.78,6,294.65,210.47

592,26.14,23.29,6,289.41,206.72

593,13.67,21.84,6,284.24,203.03

594,13.76,20.63,6,279.13,199.38

595,-2.15,17.21,6,274.03,195.73

596,38.05,20.34,6,269.12,192.23

597,75.44,28.60,6,264.54,188.95

598,102.87,39.74,6,260.36,185.97

599,95.67,48.13,6,256.50,183.21

600,65.05,50.67,6,252.79,180.56

608,125.81,61.94,6,249.47,178.19

609,94.33,66.80,6,246.35,175.96

610,-5.29,55.99,6,242.99,173.56

611,-6.44,46.62,6,239.43,171.02

612,15.88,42.01,6,235.82,168.44

613,-10.11,34.19,6,232.06,165.76

614,-27.13,24.99,6,228.12,162.94

615,-17.80,18.57,6,224.08,160.06

616,-10.43,14.22,6,220.00,157.14

617,0.95,12.23,6,215.94,154.24

618,-5.94,9.51,6,211.89,151.35

619,-30.97,3.43,6,207.74,148.39

620,-41.81,-3.35,6,203.49,145.35

621,-40.56,-8.93,6,199.17,142.27

622,-37.98,-13.29,6,194.82,139.16

623,-41.50,-17.52,6,190.43,136.02

624,-44.25,-21.53,6,186.02,132.87

625,-28.28,-22.54,6,181.67,129.76

626,-14.94,-21.40,6,177.44,126.74

627,-40.54,-24.27,6,173.21,123.72

628,-48.94,-27.97,6,168.96,120.69

629,-47.38,-30.88,6,164.72,117.65

630,-33.29,-31.24,6,160.55,114.68

631,-38.93,-32.40,6,156.43,111.74

632,-10.61,-29.13,6,152.49,108.92

633,18.51,-21.98,6,148.82,106.30

634,62.33,-9.33,6,145.58,103.99

635,63.90,1.65,6,142.72,101.94

636,41.99,7.70,6,140.08,100.06

637,60.38,15.60,6,137.71,98.37

638,46.59,20.25,6,135.53,96.80

639,30.32,21.76,6,133.43,95.30

640,38.40,24.26,6,131.44,93.88

641,35.31,25.91,6,129.53,92.52

642,59.34,30.93,6,127.81,91.29

643,89.31,39.68,6,126.36,90.26

644,71.09,44.40,6,125.08,89.34

645,4.46,38.40,6,123.65,88.32

646,0.80,32.76,6,122.10,87.21

647,40.27,33.89,6,120.60,86.15

648,92.56,42.69,6,119.39,85.28

649,218.68,69.09,6,118.93,84.95

650,308.31,104.97,6,119.49,85.35

658,642.54,185.61,6,122.30,87.36

659,634.41,252.93,7,126.94,90.67

660,519.82,292.96,7,132.60,94.72

661,426.70,313.02,7,138.71,99.08

662,267.77,306.23,7,144.51,103.22

663,303.17,305.78,7,150.19,107.28

664,731.39,369.62,7,157.53,112.52

665,798.01,433.88,7,166.53,118.95

666,46.16,375.72,7,173.72,124.08

667,25.70,323.22,7,179.29,128.07

668,1009.54,426.16,7,187.64,134.03

669,1163.39,536.75,7,198.92,142.08

670,1022.96,609.68,7,212.01,151.44

671,847.14,645.30,7,225.84,161.31

672,724.22,657.14,7,239.72,171.23

673,447.57,625.70,7,252.45,180.32

674,270.77,572.46,7,263.43,188.16

675,204.51,517.27,7,272.64,194.74

676,89.36,453.08,7,279.87,199.91

677,3.17,385.60,7,285.07,203.62

678,-77.34,316.16,7,288.22,205.87

679,-94.83,254.51,7,289.59,206.85

680,-81.13,204.16,7,289.51,206.79

681,-52.84,165.61,7,288.36,205.97

682,-79.45,128.85,7,286.20,204.43

683,-79.31,97.63,7,283.21,202.29

684,-29.64,78.54,7,279.74,199.82

685,-13.11,64.79,7,275.96,197.12

686,8.21,56.30,7,272.02,194.30

687,-7.94,46.67,7,267.89,191.35

688,1.62,39.91,7,263.65,188.32

689,12.37,35.78,7,259.38,185.27

690,5.57,31.25,7,255.06,182.19

691,45.07,33.32,7,250.89,179.21

692,46.13,35.24,7,246.86,176.33

693,49.07,37.32,7,242.97,173.55

694,46.16,38.64,7,239.19,170.85

695,44.93,39.59,7,235.52,168.23

696,55.85,42.03,7,231.98,165.70

697,67.09,45.79,7,228.63,163.30

698,52.40,46.78,7,225.36,160.97

699,60.90,48.90,7,222.23,158.73

700,57.94,50.25,7,219.19,156.56

708,38.13,48.43,7,216.16,154.40

709,73.94,52.26,7,213.30,152.36

710,52.37,52.28,7,210.50,150.36

711,-26.76,40.42,7,207.42,148.16

712,-50.58,26.77,7,204.02,145.73

713,-75.49,11.43,7,200.26,143.04

714,-64.70,0.01,7,196.26,140.18

715,-67.98,-10.19,7,192.05,137.18

716,-65.36,-18.46,7,187.69,134.06

717,-54.73,-23.90,7,183.26,130.90

718,-43.28,-26.81,7,178.85,127.75

719,-22.66,-26.19,7,174.54,124.67

720,-6.25,-23.20,7,170.40,121.71

721,-1.99,-20.02,7,166.43,118.88

722,2.30,-16.67,7,162.63,116.17

723,-3.89,-14.75,7,158.97,113.55

724,-3.30,-13.03,7,155.42,111.02

725,-12.55,-12.96,7,151.95,108.54

726,-12.66,-12.92,7,148.55,106.11

727,10.71,-9.37,7,145.32,103.80

728,29.30,-3.57,7,142.31,101.65

729,23.81,0.53,7,139.48,99.63

730,26.77,4.47,7,136.82,97.73

731,35.25,9.09,7,134.33,95.95

732,51.24,15.41,7,132.08,94.34

733,62.89,22.53,7,130.07,92.91

734,78.91,30.99,7,128.33,91.67

735,83.48,38.86,7,126.86,90.61

736,111.79,49.80,7,125.71,89.80

737,159.59,66.27,7,125.06,89.33

738,161.55,80.56,7,124.81,89.15

739,141.52,89.71,7,124.83,89.16

740,149.58,98.69,7,125.09,89.35

741,148.70,106.19,7,125.56,89.69

742,137.35,110.86,7,126.16,90.11

743,98.38,108.99,7,126.69,90.49

744,63.88,102.22,7,127.01,90.72

745,-30.63,82.30,7,126.78,90.56

746,-150.94,47.31,7,125.57,89.69

747,-157.96,16.52,7,123.52,88.23

748,-152.65,-8.86,7,120.80,86.29

749,-138.73,-28.34,7,117.59,83.99

750,-120.91,-42.22,7,114.06,81.47

758,553.93,47.20,7,113.10,80.78

759,629.84,134.60,7,114.60,81.86

760,1069.06,274.77,8,120.00,85.72

761,1105.76,399.41,8,128.79,91.99

762,1265.09,529.27,8,141.03,100.74

763,1412.57,661.76,8,156.74,111.96

764,778.74,679.31,8,172.63,123.30

765,810.33,698.96,8,188.74,134.82

766,1263.14,783.59,8,206.91,147.79

767,1014.34,818.20,8,225.68,161.20

768,1083.27,857.96,8,245.19,175.14

769,1179.00,906.12,8,265.66,189.76

770,1219.16,953.07,8,287.03,205.02

771,777.49,926.74,8,307.24,219.46

772,463.22,857.21,8,325.10,232.21

773,124.33,747.28,8,339.52,242.51

774,-47.60,628.05,8,350.31,250.22

775,-69.99,523.34,8,357.96,255.69

776,44.95,451.58,8,363.45,259.60

777,164.90,408.58,8,367.62,262.58

778,67.93,357.48,8,370.27,264.48

779,-26.75,299.85,8,371.26,265.19

780,-21.89,251.59,8,370.88,264.92

781,-2.15,213.53,8,369.44,263.89

782,-51.69,173.74,8,366.92,262.09

783,-61.60,138.44,8,363.46,259.61

784,-73.74,106.62,8,359.17,256.55

785,-85.92,77.74,8,354.17,252.98

786,-74.13,54.96,8,348.62,249.02

787,-63.43,37.20,8,342.69,244.78

788,-53.34,23.62,8,336.50,240.36

789,-63.71,10.52,8,330.06,235.76

790,-27.88,4.76,8,323.60,231.14

791,-20.15,1.02,8,317.15,226.54

792,-40.49,-5.21,8,310.66,221.90

793,-18.25,-7.16,8,304.25,217.32

794,-8.99,-7.44,8,297.96,212.83

795,8.45,-5.05,8,291.86,208.47

796,24.33,-0.65,8,286.00,204.29

797,24.83,3.18,8,280.37,200.26

798,20.22,5.73,8,274.92,196.37

799,23.59,8.41,8,269.66,192.61

800,52.18,14.98,8,264.69,189.06

808,59.01,21.58,8,260.00,185.71

809,76.81,29.87,8,255.63,182.60

810,68.80,35.71,8,251.52,179.66

811,47.09,37.41,8,247.54,176.81

812,-8.68,30.50,8,243.44,173.89

813,-29.21,21.54,8,239.18,170.84

814,-17.56,15.68,8,234.83,167.74

815,-5.69,12.47,8,230.48,164.63

816,-23.78,7.03,8,226.07,161.48

817,-23.16,2.51,8,221.62,158.30

818,-8.01,0.93,8,217.21,155.15

819,-16.36,-1.66,8,212.82,152.02

820,-18.07,-4.13,8,208.45,148.89

821,-18.59,-6.30,8,204.10,145.79

822,-17.59,-7.99,8,199.80,142.71

823,-9.99,-8.29,8,195.57,139.69

824,-4.28,-7.69,8,191.44,136.75

825,-3.17,-7.01,8,187.42,133.87

826,0.65,-5.86,8,183.51,131.08

827,-6.82,-6.00,8,179.67,128.33

828,-8.60,-6.39,8,175.90,125.64

829,-6.16,-6.36,8,172.20,123.00

830,-5.42,-6.22,8,168.58,120.42

831,-2.72,-5.69,8,165.05,117.89

832,-22.02,-8.14,8,161.52,115.37

833,-1.88,-7.20,8,158.09,112.92

834,22.36,-2.77,8,154.85,110.61

835,28.20,1.88,8,151.81,108.43

836,44.93,8.33,8,149.00,106.43

837,-27.72,2.93,8,146.11,104.36

838,36.13,7.91,8,143.40,102.43

839,83.29,19.22,8,141.07,100.77

840,117.32,33.93,8,139.20,99.43

841,131.43,48.56,8,137.78,98.41

842,120.62,59.36,8,136.69,97.63

843,128.67,69.76,8,135.90,97.07

844,92.38,73.15,8,135.23,96.60

845,39.20,68.06,8,134.44,96.03

846,52.32,65.70,8,133.59,95.42

847,121.49,74.07,8,132.99,94.99

848,150.17,85.48,8,132.72,94.80

849,170.38,98.22,8,132.82,94.87

850,202.48,113.86,8,133.35,95.25

858,86.39,109.74,8,133.76,95.54

859,133.99,113.37,8,134.26,95.90

860,360.43,150.43,8,135.78,96.99

861,586.55,215.85,9,139.11,99.36

862,880.18,315.50,9,145.16,103.69

863,1061.14,427.34,9,154.22,110.16

864,627.29,457.34,9,163.95,117.10

865,-156.88,365.20,9,170.89,122.07

866,126.43,329.39,9,176.70,126.21

867,645.15,376.75,9,183.71,131.22

868,988.70,468.54,9,193.16,137.97

869,1267.27,588.35,9,205.77,146.98

870,974.06,646.21,9,219.75,156.96

871,586.81,637.30,9,233.20,166.57

872,274.90,582.94,9,244.85,174.90

873,225.39,529.31,9,254.78,181.98

874,148.19,472.14,9,262.90,187.79

875,111.79,418.09,9,269.35,192.39

876,97.48,369.99,9,274.32,195.95

877,103.11,329.96,9,278.08,198.63

878,73.29,291.46,9,280.68,200.48

879,77.49,259.36,9,282.32,201.66

880,30.20,224.99,9,282.98,202.13

881,-16.02,188.84,9,282.61,201.86

882,-52.69,152.61,9,281.23,200.88

883,-25.47,125.90,9,279.13,199.38

884,-47.54,99.88,9,276.34,197.39

885,-49.44,77.48,9,272.98,194.99

886,-39.86,59.88,9,269.20,192.29

887,-29.16,46.53,9,265.12,189.37

888,-17.29,36.95,9,260.85,186.32

889,-14.03,29.30,9,256.45,183.18

890,-39.82,18.94,9,251.86,179.90

891,-31.66,11.35,9,247.14,176.53

892,4.89,10.38,9,242.48,173.20

893,12.82,10.75,9,237.94,169.95

894,-9.96,7.64,9,233.39,166.71

895,-11.91,4.71,9,228.85,163.47

896,26.26,7.94,9,224.50,160.36

897,52.94,14.69,9,220.42,157.44

898,58.58,21.27,9,216.61,154.72

899,59.41,26.99,9,213.03,152.17

900,84.51,35.62,9,209.77,149.84

908,90.72,43.89,9,206.80,147.72

909,80.52,49.38,9,204.05,145.75

910,20.03,44.98,9,201.23,143.73

911,-6.15,37.31,9,198.25,141.61

912,-21.97,28.42,9,195.08,139.34

913,-30.76,19.54,9,191.72,136.95

914,-36.93,11.07,9,188.20,134.43

915,-35.38,4.10,9,184.55,131.82

916,-29.20,-0.89,9,180.83,129.17

917,-21.39,-3.97,9,177.11,126.50

918,-8.83,-4.70,9,173.43,123.88

919,-5.21,-4.77,9,169.83,121.31

920,-16.76,-6.57,9,166.25,118.75

921,-13.99,-7.69,9,162.71,116.22

922,-17.57,-9.17,9,159.20,113.71

923,-33.62,-12.83,9,155.66,111.18

924,-14.58,-13.10,9,152.18,108.70

925,-23.37,-14.64,9,148.72,106.23

926,-13.35,-14.44,9,145.34,103.82

927,-6.46,-13.25,9,142.07,101.48

928,4.60,-10.57,9,138.93,99.23

929,12.03,-7.18,9,135.95,97.11

930,11.33,-4.40,9,133.11,95.08

931,11.43,-2.03,9,130.39,93.13

932,24.16,1.90,9,127.83,91.31

933,20.26,4.65,9,125.41,89.58

934,25.94,7.85,9,123.12,87.94

935,57.06,15.23,9,121.08,86.49

936,55.46,21.26,9,119.26,85.18

937,55.03,26.33,9,117.61,84.01

938,108.30,38.62,9,116.34,83.10

939,125.43,51.65,9,115.46,82.47

940,102.84,59.33,9,114.81,82.01

941,85.14,63.20,9,114.28,81.63

942,97.03,68.27,9,113.91,81.36

943,85.68,70.88,9,113.61,81.15

944,48.76,67.56,9,113.23,80.88

945,-46.99,50.38,9,112.38,80.27

946,-151.80,20.05,9,110.69,79.07

947,-166.87,-7.99,9,108.26,77.33

948,-143.01,-28.24,9,105.30,75.21

949,-80.21,-36.03,9,102.19,72.99

950,21.31,-27.43,9,99.37,70.98

958,379.09,33.55,9,98.33,70.23

959,361.29,82.71,9,98.68,70.48

960,379.79,127.27,9,100.27,71.62

961,378.98,165.03,9,102.88,73.49

962,379.77,197.24,9,106.35,75.96

963,451.07,235.31,10,110.81,79.15

964,563.63,284.56,10,116.56,83.26

965,729.09,351.24,10,124.06,88.62

966,633.09,393.52,10,132.60,94.71

967,-120.52,316.41,10,138.81,99.15

968,584.67,356.65,10,146.02,104.30

969,1123.66,471.70,10,156.30,111.65

970,1167.94,576.14,10,169.31,120.94

971,816.56,612.20,10,183.07,130.76

972,589.73,608.83,10,196.45,140.32

973,359.71,571.46,10,208.52,148.95

974,162.72,510.15,10,218.64,156.17

975,51.48,441.35,10,226.62,161.87

976,-9.83,373.67,10,232.55,166.11

977,-61.47,308.40,10,236.54,168.96

978,-54.13,254.02,10,238.92,170.66

979,-24.05,212.31,10,240.09,171.49

980,60.52,189.54,10,240.59,171.85

981,23.73,164.67,10,240.39,171.71

982,-18.28,137.23,10,239.42,171.02

983,30.79,121.26,10,238.03,170.02

984,-1.26,102.88,10,236.15,168.68

985,11.54,89.18,10,233.93,167.09

986,-18.77,72.99,10,231.29,165.21

987,-48.83,54.72,10,228.20,163.00

988,-27.58,42.37,10,224.82,160.59

989,-17.30,33.42,10,221.26,158.04

990,-93.27,14.42,10,217.24,155.17

991,-61.46,3.04,10,212.98,152.13

992,-35.57,-2.75,10,208.64,149.03

993,-43.89,-8.93,10,204.22,145.87

994,14.01,-5.49,10,199.98,142.84

995,12.15,-2.84,10,195.90,139.93

996,1.18,-2.24,10,191.92,137.09

997,16.47,0.57,10,188.10,134.36

998,22.00,3.78,10,184.44,131.74

999,-37.02,-2.34,10,180.69,129.06

1000,-69.78,-12.45,10,176.73,126.23

