1,-375.97,-56.40,0,78.95,56.40

3,622.06,45.37,0,78.64,56.17

4,230.23,73.10,0,79.12,56.51

5,-67.07,52.08,0,78.99,56.42

6,-234.70,9.06,0,77.67,55.48

7,-42.61,1.31,0,76.15,54.39

8,-47.62,-6.03,0,74.80,53.43

9,-75.20,-16.40,0,73.76,52.69

10,72.22,-3.11,0,72.37,51.69

11,-45.74,-9.51,0,71.19,50.85

12,-285.51,-50.91,0,71.19,50.85

13,-197.08,-72.83,0,71.81,51.29

14,-93.12,-75.88,0,72.50,51.78

15,-180.12,-91.51,0,73.61,52.58

16,-120.50,-95.86,0,74.82,53.44

17,-194.01,-110.58,0,76.42,54.59

18,-291.84,-137.77,0,78.75,56.25

19,55.93,-108.72,0,80.22,57.30

20,147.14,-70.34,0,80.58,57.56

21,87.43,-46.67,0,80.28,57.34

22,62.98,-30.22,0,79.52,56.80

23,118.53,-7.91,0,78.15,55.82

24,170.08,18.79,0,77.11,55.08

25,181.49,43.19,0,76.78,54.84

26,38.86,42.54,0,76.44,54.60

27,-26.07,32.25,0,75.81,54.15

28,-48.51,20.14,0,74.86,53.47

29,-67.56,6.98,0,73.56,52.54

30,-154.37,-17.22,0,72.57,51.83

31,-187.43,-42.75,0,72.31,51.65

32,-332.08,-86.15,0,73.28,52.34

33,-325.54,-122.06,0,75.23,53.74

34,-324.49,-152.42,0,77.99,55.71

35,-358.42,-183.32,0,81.57,58.26

36,-139.27,-176.71,0,84.88,60.63

37,-130.86,-169.84,0,87.94,62.82

38,-128.64,-163.66,0,90.77,64.83

39,-148.54,-161.39,0,93.47,66.76

40,-88.27,-150.42,0,95.81,68.44

41,-43.50,-134.38,0,97.66,69.76

42,28.05,-110.02,0,98.79,70.56

43,8.46,-92.25,0,99.39,71.00

44,-32.30,-83.26,0,99.74,71.24

45,-94.20,-84.90,0,100.12,71.51

46,-93.19,-86.14,0,100.53,71.81

47,-154.46,-96.39,0,101.22,72.30

48,-154.13,-105.05,0,102.13,72.95

49,-225.95,-123.19,0,103.54,73.96

50,-232.22,-139.54,0,105.38,75.27

58,233.29,-83.62,0,105.61,75.44

59,393.81,-12.00,0,103.83,74.17

60,775.58,106.13,0,104.73,74.81

61,1063.38,249.72,0,109.63,78.31

62,1608.86,453.59,0,120.14,85.81

63,2317.43,733.17,0,138.26,98.76

64,3260.10,1112.21,1,166.64,119.03

65,4359.85,1599.35,1,208.09,148.63

66,4517.54,2037.08,1,260.96,186.40

67,4816.25,2453.96,1,324.45,231.75

68,4260.82,2724.99,1,394.27,281.62

69,805.59,2437.08,1,454.62,324.73

70,-354.67,2018.31,1,502.04,358.60

71,4249.39,2352.98,1,557.88,398.49

72,5908.52,2886.31,1,627.54,448.24

73,4780.70,3170.47,1,703.76,502.69

74,2740.61,3105.99,1,776.65,554.75

75,1613.04,2882.05,1,841.82,601.30

76,830.43,2574.30,1,897.06,640.76

77,494.99,2262.41,1,942.47,673.19

78,-183.04,1895.59,1,976.70,697.64

79,-155.29,1587.96,1,1001.63,715.45

80,-164.99,1325.02,1,1018.69,727.64

81,-171.05,1100.61,1,1029.14,735.10

82,52.84,943.44,1,1034.97,739.26

83,303.44,847.44,1,1038.00,741.43

84,354.23,773.46,1,1038.90,742.07

85,240.74,693.55,1,1037.54,741.10

86,270.25,630.06,1,1034.43,738.88

87,216.44,568.01,1,1029.64,735.46

88,153.60,505.85,1,1023.22,730.87

89,-85.34,417.17,1,1014.43,724.59

90,-342.67,303.20,1,1002.63,716.17

91,-448.74,190.41,1,987.91,705.65

92,-338.34,111.09,1,971.26,693.76

93,-32.98,89.48,1,954.34,681.67

94,128.09,95.27,1,937.92,669.95

95,149.69,103.44,1,922.06,658.62

96,-97.39,73.31,1,905.67,646.91

97,-395.92,2.93,1,887.64,634.03

98,-375.78,-53.88,1,871.40,622.43

99,-194.31,-74.94,1,856.07,611.48

100,-201.61,-93.94,1,841.58,601.13

108,-161.00,-104.00,1,827.66,591.18

109,-216.83,-120.93,1,814.49,581.78

110,-191.16,-131.46,1,801.88,572.77

111,-17.10,-114.31,1,789.05,563.60

112,27.91,-92.97,1,775.87,554.19

113,-21.59,-82.27,1,762.65,544.75

114,-61.51,-79.15,1,749.62,535.44

115,38.68,-61.48,1,736.35,525.96

116,107.19,-36.18,1,722.63,516.17

117,89.42,-17.34,1,708.67,506.19

118,134.10,5.38,1,694.64,496.17

119,202.35,34.92,1,681.73,486.95

120,270.27,70.23,1,670.06,478.61

121,209.91,91.18,1,659.21,470.87

122,51.80,85.27,1,648.41,463.15

123,5.87,73.36,1,637.50,455.36

124,41.93,68.65,1,626.67,447.62

125,24.39,62.01,1,615.88,439.91

126,-83.52,40.18,1,604.68,431.92

127,-92.57,20.27,1,593.16,423.68

128,-197.55,-12.41,1,581.64,415.46

129,-228.28,-44.79,1,571.26,408.04

130,-239.17,-73.94,1,561.91,401.36

131,-273.35,-103.86,1,553.58,395.41

132,-329.03,-137.63,1,546.36,390.26

133,-405.83,-177.86,1,540.41,386.01

134,-513.51,-228.21,1,535.99,382.85

135,-558.61,-277.77,1,533.05,380.75

136,-580.81,-323.23,1,531.44,379.60

137,-584.65,-362.44,1,530.96,379.26

138,-513.54,-385.10,1,531.12,379.37

139,-482.00,-399.64,1,531.69,379.78

140,-317.47,-387.31,1,531.90,379.93

141,-202.16,-359.54,1,531.33,379.52

142,-109.05,-321.97,1,529.72,378.37

143,-119.82,-291.65,1,527.29,376.64

144,-54.74,-256.11,1,523.92,374.23

145,-51.10,-225.36,1,519.75,371.25

146,37.24,-185.97,1,514.56,367.54

147,27.89,-153.89,1,508.58,363.27

148,156.06,-107.40,1,501.41,358.15

149,137.32,-70.69,1,493.37,352.40

150,151.40,-37.38,1,484.54,346.10

158,8352.75,1221.14,2,509.05,363.60

159,8437.79,2303.64,2,563.37,402.40

160,7447.11,3075.16,2,638.20,455.86

161,5771.49,3479.61,2,722.87,516.33

162,5292.16,3751.49,2,813.45,581.04

163,4671.00,3889.42,2,906.09,647.21

164,345.75,3357.87,2,981.99,701.42

165,-1524.50,2625.51,2,1035.86,739.90

166,1054.19,2389.81,2,1082.06,772.90

167,2461.87,2400.62,2,1127.63,805.45

168,2693.02,2444.48,2,1173.53,838.23

169,2450.41,2445.37,2,1218.53,870.38

170,2383.53,2436.09,2,1262.37,901.69

171,2590.61,2459.27,2,1305.98,932.84

172,2213.06,2422.34,2,1347.69,962.63

173,1287.65,2252.14,2,1383.79,988.42

174,914.88,2051.55,2,1413.56,1009.69

175,595.07,1833.08,2,1436.61,1026.15

176,479.84,1630.09,2,1453.52,1038.23

177,345.06,1437.34,2,1464.70,1046.21

178,485.79,1294.60,2,1471.65,1051.18

179,562.88,1184.85,2,1475.40,1053.86

180,299.17,1052.00,2,1475.35,1053.82

181,-82.49,881.82,2,1470.53,1050.38

182,211.47,781.27,2,1462.99,1045.00

183,296.91,708.61,2,1453.58,1038.27

184,331.33,652.02,2,1442.76,1030.54

185,499.97,629.21,2,1431.52,1022.52

186,509.03,611.19,2,1420.01,1014.29

187,359.93,573.50,2,1407.66,1005.47

188,412.07,549.28,2,1394.89,996.35

189,413.43,528.90,2,1381.80,987.00

190,108.78,465.89,2,1367.21,976.58

191,-188.21,367.77,2,1350.16,964.40

192,-316.64,265.11,2,1330.58,950.42

193,-318.41,177.58,2,1308.95,934.96

194,-360.28,96.90,2,1285.48,918.20

195,-496.21,7.94,2,1259.99,899.99

196,-459.93,-62.24,2,1236.54,883.24

197,-258.72,-91.71,2,1214.37,867.41

198,-159.70,-101.91,2,1192.94,852.10

199,-244.88,-123.36,2,1172.53,837.52

200,-426.72,-168.86,2,1153.81,824.15

208,-71.32,-154.23,2,1135.05,810.75

209,-19.11,-133.96,2,1116.10,797.22

210,218.57,-81.08,2,1096.05,782.89

211,168.48,-43.65,2,1075.35,768.11

212,155.33,-13.80,2,1054.23,753.02

213,-35.56,-17.07,2,1033.63,738.30

214,23.24,-11.02,2,1013.26,723.76

215,209.73,22.09,2,993.61,709.72

216,243.14,55.25,2,975.29,696.64

217,105.56,62.80,2,957.54,683.96

218,-128.94,34.04,2,939.34,670.96

219,-97.21,14.35,2,920.96,657.83

220,-6.71,11.19,2,902.85,644.90

221,-76.47,-1.96,2,884.85,632.04

222,-117.26,-19.25,2,867.69,619.78

223,-178.56,-43.15,2,851.55,608.25

224,-166.93,-61.72,2,836.24,597.32

225,-186.27,-80.40,2,821.77,586.98

226,-226.61,-102.33,2,808.20,577.29

227,-200.03,-116.99,2,795.31,568.08

228,-250.10,-136.95,2,783.24,559.46

229,-344.09,-168.02,2,772.28,551.63

230,-442.88,-209.25,2,762.69,544.78

231,-473.88,-248.95,2,754.41,538.87

232,-475.04,-282.86,2,747.24,533.75

233,-475.60,-311.77,2,741.03,529.31

234,-483.70,-337.56,2,735.66,525.47

235,-448.58,-354.22,2,730.86,522.05

236,-464.97,-370.83,2,726.63,519.02

237,-446.04,-382.11,2,722.80,516.28

238,-423.58,-388.33,2,719.21,513.72

239,-418.23,-392.82,2,715.83,511.31

240,-317.38,-381.50,2,712.19,508.71

241,54.62,-316.08,2,706.80,504.86

242,323.55,-220.14,2,698.83,499.16

243,383.54,-129.59,2,688.48,491.77

244,627.77,-15.98,2,675.16,482.26

245,1286.83,179.44,2,666.68,476.20

246,1932.74,442.43,2,665.73,475.52

247,2983.95,823.66,2,675.48,482.49

248,4844.79,1426.83,3,701.92,501.37

249,6389.56,2171.24,3,748.68,534.77

250,6812.81,2867.48,3,814.00,581.43

258,7014.51,3489.53,3,895.42,639.59

259,4066.74,3576.11,3,977.64,698.32

260,2941.66,3480.94,3,1055.56,753.97

261,2471.84,3329.58,3,1127.68,805.48

262,778.40,2946.90,3,1187.64,848.31

263,-530.14,2425.35,3,1231.79,879.85

264,-686.50,1958.57,3,1262.00,901.43

265,-748.77,1552.47,3,1280.23,914.45

266,-687.13,1216.53,3,1288.68,920.49

267,-453.04,966.09,3,1289.96,921.40

268,-297.50,776.55,3,1285.91,918.50

269,-216.39,627.61,3,1277.76,912.69

270,-131.15,513.80,3,1266.59,904.71

271,151.26,459.42,3,1254.12,895.80

272,600.00,480.50,3,1242.49,887.50

273,884.97,541.17,3,1232.80,880.57

274,286.40,502.96,3,1222.22,873.02

275,187.85,455.69,3,1210.54,864.67

276,505.66,463.19,3,1199.30,856.64

277,621.90,486.99,3,1188.95,849.25

278,720.87,522.08,3,1179.79,842.71

279,472.97,514.71,3,1170.60,836.15

280,245.23,474.29,3,1160.47,828.91

281,288.46,446.41,3,1149.76,821.26

282,397.68,439.10,3,1139.06,813.62

283,350.01,425.74,3,1128.20,805.86

284,35.34,367.18,3,1115.92,797.08

285,-249.39,274.69,3,1101.29,786.64

286,-298.27,188.75,3,1084.55,774.68

287,-176.77,133.92,3,1066.61,761.86

288,-298.55,69.05,3,1047.21,748.01

289,-341.07,7.53,3,1026.48,733.20

290,-331.23,-43.28,3,1007.16,719.40

291,-342.77,-88.21,3,989.49,706.78

292,-356.12,-128.39,3,973.29,695.21

293,-283.36,-151.64,3,958.07,684.34

294,-330.71,-178.50,3,943.91,674.22

295,-357.47,-205.35,3,930.78,664.84

296,-348.03,-226.75,3,918.51,656.08

297,-254.32,-230.88,3,906.61,647.58

298,-213.81,-228.32,3,894.87,639.19

299,-50.64,-201.67,3,882.62,630.44

300,97.03,-156.87,3,869.36,620.97

308,-53.45,-141.35,3,855.93,611.38

309,-70.58,-130.74,3,842.47,601.76

310,34.02,-106.02,3,828.59,591.85

311,31.96,-85.33,3,814.41,581.72

312,-59.87,-81.51,3,800.40,571.72

313,-161.03,-93.44,3,787.01,562.15

314,-150.17,-101.95,3,774.12,552.95

315,-150.57,-109.24,3,761.70,544.07

316,-89.06,-106.21,3,749.44,535.31

317,-149.26,-112.67,3,737.61,526.86

318,-233.47,-130.79,3,726.52,518.94

319,-282.92,-153.61,3,716.29,511.63

320,-397.31,-190.17,3,707.29,505.20

321,-447.62,-228.78,3,699.55,499.68

322,-388.29,-252.71,3,692.63,494.74

323,-474.05,-285.91,3,686.78,490.56

324,-586.33,-330.97,3,682.32,487.37

325,-622.91,-374.76,3,679.16,485.12

326,-608.70,-409.85,3,677.06,483.61

327,-574.11,-434.49,3,675.68,482.63

328,-467.06,-439.38,3,674.47,481.76

329,-248.37,-410.73,3,672.48,480.34

330,-127.46,-368.24,3,669.34,478.10

331,89.85,-299.52,3,664.34,474.53

332,530.28,-175.05,3,655.96,468.54

333,1053.77,9.27,3,643.10,459.35

334,2080.38,319.94,3,639.19,456.57

335,3160.36,746.00,3,647.30,462.35

336,4071.85,1244.88,4,669.21,478.01

337,5696.10,1912.56,4,709.37,506.70

338,5642.42,2472.04,4,764.40,546.00

339,5499.05,2926.09,4,831.05,593.60

340,5591.56,3325.91,4,907.55,648.25

341,4848.18,3554.25,4,988.92,706.37

342,-942.37,2879.76,4,1049.77,749.84

343,1832.52,2722.67,4,1105.01,789.30

344,2788.30,2732.52,4,1159.42,828.16

345,6193.56,3251.67,4,1227.28,876.63

346,7334.97,3864.17,4,1310.93,936.38

347,6032.52,4189.42,4,1402.02,1001.44

348,3594.32,4100.16,4,1488.78,1063.42

349,1774.37,3751.29,4,1564.04,1117.17

350,570.89,3274.23,4,1624.44,1160.31

358,-543.96,2701.50,4,1667.59,1191.14

359,-547.18,2214.20,4,1696.24,1211.60

360,-494.46,1807.90,4,1712.94,1223.53

361,-276.18,1495.29,4,1720.55,1228.96

362,-143.20,1249.51,4,1721.12,1229.37

363,-206.33,1031.14,4,1715.57,1225.41

364,33.28,881.46,4,1705.94,1218.53

365,-167.82,724.07,4,1692.09,1208.64

366,887.06,748.52,4,1679.21,1199.44

367,-245.44,599.42,4,1662.41,1187.44

368,-33.09,504.55,4,1643.29,1173.78

369,453.04,496.82,4,1624.34,1160.24

370,356.48,475.77,4,1605.17,1146.55

371,341.26,455.59,4,1585.82,1132.73

372,276.88,428.79,4,1566.11,1118.65

373,297.86,409.15,4,1546.25,1104.46

374,175.85,374.15,4,1525.80,1089.86

375,113.67,335.08,4,1504.66,1074.76

376,25.65,288.67,4,1482.65,1059.04

377,171.14,271.04,4,1460.59,1043.28

378,89.41,243.79,4,1438.20,1027.29

379,-61.45,198.01,4,1414.98,1010.70

380,-222.57,134.92,4,1390.46,993.19

381,-95.06,100.42,4,1365.47,975.33

382,-38.89,79.53,4,1340.38,957.42

383,-131.46,47.88,4,1314.92,939.23

384,-392.51,-18.18,4,1289.13,920.80

385,-532.30,-95.30,4,1266.01,904.29

386,-565.18,-165.78,4,1245.33,889.52

387,-467.77,-211.08,4,1226.34,875.96

388,-465.82,-249.29,4,1208.79,863.42

389,-515.75,-289.26,4,1192.71,851.94

390,-381.76,-303.13,4,1177.35,840.96

391,-383.65,-315.21,4,1162.63,830.45

392,-654.57,-366.11,4,1149.63,821.16

393,-428.27,-375.44,4,1137.15,812.25

394,21.54,-315.89,4,1123.25,802.32

395,378.05,-211.80,4,1106.71,790.51

396,124.82,-161.31,4,1089.09,777.92

397,268.58,-96.82,4,1070.02,764.30

398,735.02,27.95,4,1049.41,749.58

399,936.12,164.18,4,1033.02,737.87

400,794.33,258.70,4,1019.60,728.28

408,662.17,319.22,4,1008.14,720.10

409,864.21,400.97,4,999.21,713.72

410,1266.65,530.82,4,994.09,710.06

411,1506.52,677.18,4,993.17,709.41

412,1820.86,848.73,4,997.07,712.19

413,2308.33,1067.67,5,1007.02,719.30

414,4518.71,1585.33,5,1031.27,736.62

415,7308.96,2443.87,5,1079.07,770.77

416,8335.29,3327.58,5,1150.66,821.90

417,7006.92,3879.49,5,1236.28,883.05

418,4438.43,3963.33,5,1322.52,944.66

419,1574.68,3605.03,5,1397.01,997.87

420,-1052.70,2906.37,5,1450.45,1036.04

421,2130.91,2790.05,5,1499.57,1071.12

422,5972.34,3267.39,5,1561.06,1115.04

423,5976.42,3673.75,5,1632.70,1166.22

424,6410.64,4084.28,5,1714.41,1224.58

425,6269.36,4412.04,5,1803.66,1288.33

426,4472.73,4421.15,5,1891.38,1350.98

427,764.14,3872.60,5,1961.98,1401.42

428,564.17,3376.33,5,2017.28,1440.92

429,2114.87,3187.11,5,2066.18,1475.84

430,673.51,2810.07,5,2103.53,1502.52

431,-772.23,2272.73,5,2125.10,1517.93

432,-387.02,1873.76,5,2135.06,1525.05

433,-210.59,1561.11,5,2136.07,1525.77

434,-595.86,1237.57,5,2128.00,1520.00

435,-397.19,992.35,5,2113.23,1509.45

436,-198.88,813.67,5,2093.75,1495.53

437,-207.28,660.52,5,2070.37,1478.83

438,-500.35,486.39,5,2042.58,1458.98

439,-462.16,344.11,5,2011.36,1436.69

440,-345.65,240.65,5,1977.87,1412.77

441,-537.66,123.90,5,1941.78,1386.99

442,-680.61,3.22,5,1903.04,1359.31

443,-807.04,-118.32,5,1868.29,1334.49

444,-539.76,-181.53,5,1836.01,1311.43

445,-427.39,-218.41,5,1805.40,1289.57

446,-464.32,-255.30,5,1776.44,1268.89

447,-501.37,-292.21,5,1749.10,1249.36

448,-155.13,-271.65,5,1721.72,1229.80

449,-204.47,-261.57,5,1694.61,1210.44

450,-404.92,-283.07,5,1668.65,1191.89

458,-22.52,-243.99,5,1642.10,1172.93

459,-28.61,-211.68,5,1615.19,1153.71

460,202.35,-149.58,5,1587.07,1133.62

461,618.97,-34.30,5,1556.29,1111.64

462,384.00,28.45,5,1525.96,1089.97

463,213.14,56.15,5,1497.02,1069.30

464,515.00,124.98,5,1470.58,1050.41

465,402.28,166.57,5,1445.83,1032.73

466,168.49,166.86,5,1421.58,1015.42

467,-101.96,126.54,5,1396.69,997.64

468,-251.96,69.76,5,1370.71,979.08

469,-408.87,-2.03,5,1343.36,959.54

470,-459.53,-70.66,5,1318.47,941.76

471,-337.86,-110.74,5,1295.20,925.14

472,-229.77,-128.59,5,1272.90,909.21

473,-411.03,-170.96,5,1252.23,894.45

474,-558.33,-229.06,5,1233.59,881.14

475,-555.06,-277.96,5,1216.71,869.08

476,-504.77,-311.98,5,1201.11,857.93

477,-346.16,-317.11,5,1185.96,847.12

478,-249.98,-307.04,5,1170.84,836.32

479,-155.09,-284.25,5,1155.38,825.27

480,34.82,-236.39,5,1138.90,813.50

481,187.64,-172.78,5,1120.96,800.68

482,255.96,-108.47,5,1101.57,786.84

483,357.25,-38.61,5,1080.62,771.87

484,189.35,-4.42,5,1059.13,756.52

485,173.85,22.32,5,1038.58,741.84

486,391.24,77.66,5,1019.98,728.56

487,187.55,94.14,5,1002.22,715.87

488,317.33,127.62,5,985.75,704.10

489,903.90,244.06,5,972.86,694.90

490,842.24,333.79,5,962.75,687.68

491,767.66,398.87,5,954.67,681.90

492,969.70,484.50,5,949.14,677.96

493,1735.90,672.21,5,948.98,677.84

494,3001.11,1021.54,6,958.60,684.72

495,3983.00,1465.76,6,980.47,700.34

496,4776.40,1962.36,6,1015.81,725.58

497,5182.58,2445.39,6,1063.96,759.97

498,5490.07,2902.09,6,1123.94,802.82

499,5984.44,3364.45,6,1195.67,854.05

500,6745.69,3871.63,6,1280.16,914.40

508,7578.86,4427.72,6,1378.53,984.67

509,6803.94,4784.15,6,1484.92,1060.66

510,4663.59,4766.07,6,1588.67,1134.76

511,2180.15,4378.18,6,1679.49,1199.63

512,1112.30,3888.30,6,1754.77,1253.41

513,238.89,3340.89,6,1813.22,1295.16

514,-685.48,2736.93,6,1853.59,1323.99

515,222.58,2359.78,6,1882.59,1344.71

516,801.46,2126.03,6,1904.47,1360.33

517,455.58,1875.46,6,1918.89,1370.64

518,229.93,1628.63,6,1926.11,1375.80

519,415.11,1446.60,6,1928.10,1377.21

520,551.26,1312.30,6,1926.28,1375.91

521,731.13,1225.13,6,1922.06,1372.90

522,134.55,1061.54,6,1913.34,1366.67

523,-289.95,858.82,6,1899.12,1356.51

524,-484.78,657.28,6,1879.54,1342.53

525,-228.37,524.43,6,1856.63,1326.17

526,-209.59,414.33,6,1831.10,1307.93

527,-376.74,295.67,6,1802.76,1287.69

528,-572.93,165.38,6,1771.33,1265.24

529,-659.18,41.69,6,1737.08,1240.77

530,-611.14,-56.23,6,1703.91,1217.08

531,-712.29,-154.64,6,1674.16,1195.83

532,-910.20,-267.98,6,1648.18,1177.27

533,-847.43,-354.89,6,1625.15,1160.82

534,-758.10,-415.38,6,1604.28,1145.92

535,-658.17,-451.79,6,1584.85,1132.03

536,-611.97,-475.82,6,1566.47,1118.91

537,-532.28,-484.29,6,1548.70,1106.22

538,-305.19,-457.42,6,1530.54,1093.24

539,131.48,-369.09,6,1510.26,1078.76

540,340.96,-262.58,6,1487.41,1062.43

541,297.29,-178.60,6,1462.66,1044.76

542,165.51,-126.98,6,1436.96,1026.40

543,254.51,-69.76,6,1410.18,1007.27

544,530.83,20.33,6,1382.54,987.53

545,712.18,124.11,6,1358.37,970.26

546,100.16,120.52,6,1334.57,953.27

547,-234.74,67.23,6,1309.76,935.55

548,-329.74,7.68,6,1283.78,916.99

549,-394.76,-52.69,6,1259.58,899.70

550,-347.53,-96.91,6,1237.11,883.65

558,-619.95,-175.37,6,1217.27,869.48

559,-610.16,-240.59,6,1199.66,856.90

560,-593.66,-293.55,6,1183.89,845.64

561,-448.04,-316.72,6,1169.08,835.06

562,-287.28,-312.31,6,1154.44,824.60

563,-198.85,-295.29,6,1139.62,814.02

564,-195.60,-280.33,6,1124.68,803.34

565,-115.02,-255.54,6,1109.34,792.39

566,69.75,-206.74,6,1092.94,780.67

567,409.85,-114.25,6,1074.28,767.35

568,694.91,7.12,6,1053.00,752.14

569,817.51,128.68,6,1035.54,739.67

570,516.59,186.87,6,1020.06,728.62

571,256.59,197.32,6,1005.19,717.99

572,260.43,206.79,6,990.87,707.77

573,540.41,256.83,6,978.25,698.75

574,944.68,360.01,6,968.76,691.97

575,1049.11,463.38,6,962.36,687.40

576,998.48,543.64,6,958.34,684.53

577,1193.43,641.11,6,957.12,683.66

578,1141.67,716.19,6,958.03,684.31

579,1334.04,808.87,6,961.52,686.80

580,1533.77,917.61,6,967.98,691.42

581,1655.20,1028.24,7,977.41,698.15

582,1118.93,1041.85,7,987.04,705.03

583,408.70,946.88,7,993.81,709.86

584,1119.77,972.81,7,1001.17,715.12

585,2200.54,1156.97,7,1013.54,723.96

586,2176.97,1309.97,7,1029.95,735.68

587,2836.47,1538.94,7,1052.44,751.74

588,4167.37,1933.21,7,1085.52,775.37

589,6990.56,2691.81,7,1139.18,813.70

590,7431.63,3402.78,7,1211.68,865.48

591,7575.39,4028.67,7,1300.25,928.75

592,7741.85,4585.65,7,1402.64,1001.89

593,3286.36,4390.76,7,1497.53,1069.66

594,4287.91,4375.33,7,1590.09,1135.78

595,5306.04,4514.94,7,1684.70,1203.36

596,7662.75,4987.11,7,1790.65,1279.04

597,8332.81,5488.96,7,1908.53,1363.23

598,6981.52,5712.85,7,2030.32,1450.23

599,4308.71,5502.23,7,2143.77,1531.27

600,2846.06,5103.80,7,2243.80,1602.72

608,-235.77,4302.86,7,2319.41,1656.72

609,300.23,3702.47,7,2376.69,1697.63

610,1072.92,3308.04,7,2421.78,1729.84

611,1046.84,2968.86,7,2456.47,1754.62

612,112.76,2540.44,7,2478.48,1770.34

613,-498.84,2084.55,7,2487.27,1776.62

614,-55.02,1763.61,7,2486.91,1776.36

615,34.03,1504.18,7,2479.29,1770.92

616,-53.62,1270.51,7,2465.28,1760.91

617,-199.61,1049.99,7,2445.37,1746.69

618,-281.65,850.24,7,2420.27,1728.76

619,-178.21,695.98,7,2391.35,1708.11

620,-31.72,586.82,7,2359.96,1685.68

621,120.31,516.84,7,2327.23,1662.31

622,305.48,485.14,7,2294.27,1638.76

623,305.96,458.26,7,2261.21,1615.15

624,231.88,424.31,7,2227.87,1591.34

625,446.26,427.60,7,2195.29,1568.06

626,270.26,404.00,7,2162.69,1544.78

627,-156.39,319.94,7,2128.40,1520.28

628,-386.06,214.04,7,2091.82,1494.16

629,-112.15,165.11,7,2054.61,1467.58

630,75.97,151.74,7,2017.77,1441.26

631,-73.07,118.02,7,1980.71,1414.80

632,-246.59,63.33,7,1942.87,1387.77

633,-302.10,8.51,7,1904.25,1360.18

634,-274.47,-33.93,7,1867.12,1333.66

635,-314.96,-76.09,7,1831.91,1308.51

636,-306.29,-110.62,7,1798.37,1284.55

637,-338.10,-144.74,7,1766.45,1261.75

638,-353.30,-176.02,7,1736.05,1240.04

639,-349.78,-202.09,7,1706.99,1219.28

640,-178.61,-198.57,7,1678.41,1198.86

641,-209.64,-200.23,7,1650.45,1178.89

642,-340.40,-221.25,7,1623.63,1159.74

643,-451.37,-255.77,7,1598.32,1141.66

644,-437.22,-282.99,7,1574.28,1124.49

645,-419.53,-303.47,7,1551.29,1108.07

646,-499.78,-332.91,7,1529.59,1092.56

647,-603.99,-373.58,7,1509.46,1078.18

648,-547.68,-399.69,7,1490.46,1064.61

649,-491.54,-413.47,7,1472.23,1051.59

650,-431.16,-416.12,7,1454.43,1038.88

658,824.77,-229.99,7,1431.78,1022.70

659,913.01,-58.54,7,1404.79,1003.42

660,910.68,86.85,7,1379.12,985.09

661,846.50,200.79,7,1357.16,969.40

662,988.59,318.96,7,1338.95,956.39

663,935.22,411.40,7,1323.69,945.49

664,874.68,480.89,7,1310.68,936.20

665,968.38,554.02,7,1299.98,928.56

666,1047.22,628.00,7,1291.57,922.55

667,952.87,676.73,7,1284.68,917.63

668,773.40,691.23,7,1278.34,913.10

669,783.60,705.08,7,1272.52,908.94

670,927.40,738.43,7,1267.74,905.53

671,1782.67,895.07,7,1267.45,905.32

672,2886.31,1193.75,7,1275.53,911.09

673,4182.79,1642.11,8,1296.00,925.71

674,5319.97,2193.79,8,1331.50,951.07

675,6150.89,2787.35,8,1382.92,987.80

676,7708.44,3525.52,8,1453.97,1038.55

677,7676.38,4148.15,8,1541.04,1100.75

678,-399.82,3465.95,8,1607.27,1148.05

679,1056.38,3104.52,8,1662.05,1187.18

680,4202.10,3269.15,8,1720.35,1228.82

681,3548.32,3311.03,8,1778.65,1270.46

682,7376.82,3920.90,8,1852.86,1323.47

683,6903.37,4368.27,8,1938.11,1384.37

684,4806.81,4434.05,8,2023.51,1445.36

685,2117.18,4086.52,8,2097.46,1498.18

686,804.42,3594.20,8,2156.15,1540.10

687,615.46,3147.39,8,2201.15,1572.25

688,744.89,2787.02,8,2235.16,1596.55

689,697.36,2473.57,8,2259.72,1614.09

690,717.17,2210.11,8,2276.41,1626.01

691,771.39,1994.30,8,2286.72,1633.37

692,474.39,1766.32,8,2290.44,1636.03

693,206.90,1532.40,8,2287.54,1633.96

694,-20.77,1299.43,8,2278.18,1627.27

695,-262.42,1065.15,8,2262.44,1616.03

696,-554.82,822.16,8,2240.21,1600.15

697,-654.66,600.63,8,2212.22,1580.16

698,-554.70,427.33,8,2179.94,1557.10

699,-513.64,286.19,8,2144.36,1531.68

700,-517.75,165.60,8,2106.11,1504.36

708,-114.20,123.63,8,2067.45,1476.75

709,-65.14,95.31,8,2028.77,1449.12

710,199.41,110.93,8,1991.30,1422.35

711,566.17,179.21,8,1956.49,1397.49

712,402.77,212.75,8,1923.32,1373.80

713,259.78,219.80,8,1891.00,1350.72

714,456.52,255.31,8,1860.33,1328.81

715,365.27,271.80,8,1830.74,1307.67

716,181.41,258.24,8,1801.35,1286.68

717,304.44,265.17,8,1772.75,1266.25

718,335.56,275.73,8,1745.02,1246.44

719,102.90,249.81,8,1717.11,1226.51

720,74.07,223.45,8,1689.02,1206.45

721,-132.60,170.04,8,1660.00,1185.72

722,40.45,150.60,8,1631.02,1165.02

723,-255.40,89.70,8,1600.91,1143.51

724,-365.00,21.50,8,1569.50,1121.07

725,-551.25,-64.42,8,1539.91,1099.94

726,-390.80,-113.37,8,1512.29,1080.20

727,-295.88,-140.75,8,1485.98,1061.42

728,-208.74,-150.95,8,1460.49,1043.21

729,-322.33,-176.66,8,1436.23,1025.88

730,-416.04,-212.56,8,1413.45,1009.61

731,-430.23,-245.21,8,1392.05,994.32

732,-459.40,-277.34,8,1371.97,979.98

733,-525.77,-314.60,8,1353.34,966.67

734,-451.09,-335.08,8,1335.66,954.04

735,-146.95,-306.86,8,1317.54,941.10

736,-225.81,-294.70,8,1299.44,928.17

737,-209.58,-281.93,8,1281.34,915.25

738,-362.42,-294.01,8,1263.95,902.82

739,-358.04,-303.61,8,1247.17,890.84

740,-27.26,-262.16,8,1229.57,878.26

741,62.50,-213.46,8,1210.95,864.97

742,133.15,-161.47,8,1191.26,850.90

743,551.42,-54.53,8,1168.96,834.97

744,1914.80,240.87,8,1152.32,823.09

745,2904.37,640.39,8,1147.21,819.43

746,2127.87,863.51,8,1148.44,820.32

747,1263.37,923.49,8,1151.33,822.38

748,885.10,917.73,8,1154.00,824.29

749,618.74,872.89,8,1155.36,825.26

750,567.67,827.10,8,1155.41,825.30

758,1775.66,969.39,8,1159.45,828.18

759,1426.72,1037.99,8,1165.32,832.37

760,1180.89,1059.42,8,1171.68,836.91

761,2988.77,1348.82,9,1186.01,847.15

762,5730.78,2006.12,9,1218.46,870.33

763,5640.51,2551.28,9,1265.53,903.95

764,4838.33,2894.33,9,1321.26,943.76

765,3983.69,3057.74,9,1380.45,986.04

766,3768.75,3164.39,9,1441.45,1029.61

767,6214.01,3621.83,9,1514.03,1081.45

768,8298.05,4323.27,9,1604.80,1146.29

769,9429.39,5089.18,9,1715.20,1225.14

770,7433.79,5440.87,9,1833.24,1309.46

771,3486.55,5147.73,9,1940.71,1386.22

772,3120.42,4843.63,9,2037.52,1455.37

773,2902.43,4552.45,9,2124.24,1517.31

774,2486.12,4242.50,9,2200.54,1571.82

775,1997.45,3905.74,9,2265.89,1618.50

776,1440.44,3535.95,9,2319.58,1656.85

777,470.46,3076.12,9,2359.32,1685.23

778,-92.96,2600.76,9,2384.96,1703.54

779,-167.52,2185.52,9,2398.45,1713.18

780,-183.54,1830.16,9,2401.73,1715.52

781,-74.03,1544.53,9,2396.94,1712.10

782,-463.42,1243.34,9,2383.82,1702.73

783,-803.19,936.36,9,2362.36,1687.40

784,-763.75,681.34,9,2334.19,1667.28

785,-847.76,451.98,9,2300.16,1642.97

786,-781.34,266.98,9,2261.63,1615.45

787,-894.55,92.75,9,2219.00,1585.00

788,-715.54,-28.49,9,2175.41,1553.87

789,-582.44,-111.59,9,2135.03,1525.02

790,-105.82,-110.72,9,2095.43,1496.74

791,-128.29,-113.36,9,2056.70,1469.07

792,40.00,-90.35,9,2018.09,1441.49

793,34.02,-71.70,9,1979.74,1414.10

794,28.77,-56.63,9,1941.73,1386.95

795,-51.34,-55.83,9,1904.46,1360.33

796,-150.56,-70.04,9,1868.33,1334.52

797,167.68,-34.39,9,1831.93,1308.52

798,620.24,63.81,9,1797.07,1283.62

799,465.48,124.06,9,1764.61,1260.43

800,216.17,137.88,9,1733.17,1237.98

808,75.78,128.56,9,1702.11,1215.79

809,25.59,113.12,9,1671.24,1193.74

810,72.60,107.04,9,1640.81,1172.01

811,-152.91,68.05,9,1609.90,1149.93

812,-414.08,-4.27,9,1577.82,1127.01

813,-386.69,-61.63,9,1547.99,1105.71

814,-209.78,-83.86,9,1519.38,1085.27

815,-431.15,-135.95,9,1492.80,1066.28

816,-517.27,-193.15,9,1468.35,1048.82

817,-467.32,-234.27,9,1445.54,1032.53

818,-449.05,-266.49,9,1424.09,1017.21

819,-436.17,-291.94,9,1403.78,1002.70

820,-679.02,-350.00,9,1385.51,989.65

821,-754.54,-410.68,9,1369.30,978.07

822,-498.68,-423.88,9,1353.78,966.99

823,250.54,-322.72,9,1335.74,954.10

824,523.71,-195.76,9,1314.51,938.93

825,305.37,-120.59,9,1291.59,922.57

826,-98.40,-117.26,9,1269.04,906.46

827,42.34,-93.32,9,1246.28,890.20

828,357.95,-25.63,9,1222.07,872.91

829,302.20,23.55,9,1198.29,855.92

830,-107.63,3.87,9,1174.43,838.88

831,-141.98,-18.01,9,1151.45,822.46

832,-121.08,-33.47,9,1129.35,806.68

833,-13.16,-30.42,9,1107.62,791.16

834,6.57,-24.87,9,1086.16,775.83

835,38.67,-15.34,9,1064.87,760.62

836,141.99,8.26,9,1043.80,745.57

837,216.67,39.52,9,1024.03,731.45

838,226.38,67.55,9,1005.44,718.17

839,523.40,135.93,9,989.14,706.53

840,132.47,135.41,9,973.15,695.11

841,-94.33,100.95,9,956.51,683.22

842,134.54,105.99,9,940.35,671.68

843,788.74,208.40,9,927.38,662.41

844,1000.39,327.20,9,917.99,655.71

845,1052.31,435.97,9,911.84,651.31

846,905.36,506.37,9,907.78,648.42

847,1338.75,631.23,9,907.30,648.07

848,1319.24,734.43,9,909.72,649.80

849,1610.21,865.80,9,915.77,654.12

850,2551.26,1118.62,10,928.77,663.41

858,5772.49,1816.70,10,961.06,686.47

860,7207.57,2625.33,10,1015.35,725.25

861,6520.58,3209.62,10,1084.91,774.94

862,5128.40,3497.43,10,1161.14,829.39

863,2199.20,3302.70,10,1230.40,878.86

864,1206.15,2988.22,10,1289.46,921.04

865,207.28,2571.08,10,1335.66,954.04

866,-79.96,2173.42,10,1369.80,978.43

867,-747.13,1735.34,10,1391.00,993.57

868,-1086.70,1312.03,10,1399.91,999.94

869,-937.62,974.58,10,1399.20,999.43

870,-389.26,770.01,10,1392.78,994.84

871,-390.13,595.99,10,1381.61,986.87

872,-429.91,442.10,10,1366.36,975.97

873,-321.44,327.57,10,1348.20,963.00

874,-544.63,196.74,10,1326.75,947.68

875,-47.19,160.15,10,1304.70,931.93

876,-61.03,126.97,10,1282.16,915.83

877,48.71,115.24,10,1259.74,899.82

878,108.41,114.21,10,1237.75,884.10

879,-7.30,95.98,10,1215.68,868.34

880,-370.47,26.02,10,1192.09,851.49

881,-391.77,-36.65,10,1169.28,835.20

882,-523.97,-109.75,10,1148.96,820.69

883,-290.31,-136.83,10,1129.82,807.01

884,-424.50,-179.98,10,1112.26,794.47

885,-333.48,-203.01,10,1095.70,782.64

886,-96.57,-187.04,10,1079.02,770.73

887,233.26,-124.00,10,1060.91,757.80

888,-186.46,-133.37,10,1043.43,745.31

889,-446.87,-180.39,10,1027.61,734.01

890,-629.82,-247.81,10,1014.00,724.28

891,-948.80,-352.95,10,1003.60,716.86

892,-607.24,-391.10,10,994.48,710.34

893,-102.01,-347.73,10,984.33,703.09

894,-186.17,-323.50,10,973.70,695.50

895,-192.90,-303.91,10,962.73,687.67

896,-35.04,-263.58,10,950.86,679.19

897,218.09,-191.33,10,937.20,669.43

898,278.14,-120.91,10,921.84,658.46

899,86.17,-89.85,10,905.92,647.09

